id,Node Type,name,single,release_date,genre,notable,written_date,stage_name,notoriety_date
4,RecordLabel,Nautical Mile Records,,,,,,,
9,RecordLabel,Colline-Cascade Studios,,,,,,,
14,RecordLabel,Ipecac Echo,,,,,,,
21,RecordLabel,Plenaod Groove,,,,,,,
22,RecordLabel,Crimson Echo,,,,,,,
23,RecordLabel,Montfort Melodies,,,,,,,
24,RecordLabel,Echo Chamber Studios | ECS,,,,,,,
25,RecordLabel,Elysian Soundworks,,,,,,,
31,RecordLabel,Galil Groove,,,,,,,
32,RecordLabel,Collective Harmony,,,,,,,
33,RecordLabel,Ascend Audio,,,,,,,
34,RecordLabel,Nexus Sonic,,,,,,,
38,RecordLabel,Roccastrada,,,,,,,
41,RecordLabel,Pulse Wave Music,,,,,,,
46,RecordLabel,Echo Vault Records,,,,,,,
47,RecordLabel,Verdant Verse,,,,,,,
53,RecordLabel,Univalle Groove,,,,,,,
58,RecordLabel,Verdant Echo Recordings,,,,,,,
59,RecordLabel,Crystalline Echo,,,,,,,
68,RecordLabel,Heidewerken Records,,,,,,,
69,RecordLabel,Calende Sound,,,,,,,
70,RecordLabel,Basilique Sonore,,,,,,,
77,RecordLabel,Esche Sounds,,,,,,,
78,RecordLabel,Sonic Marsala,,,,,,,
79,RecordLabel,Mucambo Groove,,,,,,,
80,RecordLabel,Ridge Echo Records,,,,,,,
84,RecordLabel,Botha Recordings,,,,,,,
85,RecordLabel,Placard Records,,,,,,,
91,RecordLabel,Verdant Groove,,,,,,,
100,RecordLabel,Nixon's Archive,,,,,,,
101,RecordLabel,Tangerine Pulse,,,,,,,
105,RecordLabel,Meridian Sound Studios,,,,,,,
110,RecordLabel,Northern Horizon,,,,,,,
111,RecordLabel,Aura Pulse,,,,,,,
117,RecordLabel,Epoch Resonance Records,,,,,,,
118,RecordLabel,Periáñez Pulse,,,,,,,
119,RecordLabel,Eye of the Record,,,,,,,
120,RecordLabel,Cue Script Recordings,,,,,,,
127,RecordLabel,Real Rhythm,,,,,,,
137,RecordLabel,Pascoli Sonoro,,,,,,,
138,RecordLabel,Adriatic Resonance,,,,,,,
143,RecordLabel,Radiant Echo,,,,,,,
152,RecordLabel,Genius Wave,,,,,,,
153,RecordLabel,Ember Crescent,,,,,,,
154,RecordLabel,Coastal Cadence,,,,,,,
164,RecordLabel,Vives Sonores,,,,,,,
165,RecordLabel,Nový Zvuk,,,,,,,
166,RecordLabel,Hidrossonica,,,,,,,
167,RecordLabel,Novan Sound,,,,,,,
168,RecordLabel,Cascata Sound,,,,,,,
173,RecordLabel,Blue Bayou Sound,,,,,,,
174,RecordLabel,Echo Chamber Records,,,,,,,
175,RecordLabel,Lantern Cascade Records,,,,,,,
181,RecordLabel,Sierra Rubio Sounds,,,,,,,
186,RecordLabel,Spanish Harmony,,,,,,,
191,RecordLabel,Republic Records,,,,,,,
195,RecordLabel,Howling Squash Productions,,,,,,,
208,RecordLabel,Twilight Passage,,,,,,,
209,RecordLabel,Charleville Sound,,,,,,,
218,RecordLabel,Kamiogawa Rhythms,,,,,,,
224,RecordLabel,Vizinada Vinyl,,,,,,,
231,RecordLabel,Divine Harmony Studios,,,,,,,
232,RecordLabel,Garenne Sound,,,,,,,
237,RecordLabel,Mi'kmaq Rhythms,,,,,,,
238,RecordLabel,Arrondissement Records,,,,,,,
244,RecordLabel,Inflected,,,,,,,
245,RecordLabel,Harmony of Hope Recordings,,,,,,,
246,RecordLabel,Ribes Rhythms,,,,,,,
247,RecordLabel,Sonic Surge Records,,,,,,,
248,RecordLabel,Ardennes Echo,,,,,,,
255,RecordLabel,Resonate Records,,,,,,,
256,RecordLabel,Prismatic Echo,,,,,,,
257,RecordLabel,Rachel's Rhythm,,,,,,,
262,RecordLabel,Pulse Sonic,,,,,,,
263,RecordLabel,Falier Sound,,,,,,,
270,RecordLabel,Mate Melody,,,,,,,
271,RecordLabel,Sorgue Sonics,,,,,,,
277,RecordLabel,Guyonne Grove,,,,,,,
278,RecordLabel,Eastern Flight Records,,,,,,,
282,RecordLabel,Bluegrass Horizon Records,,,,,,,
290,RecordLabel,Freefall Music,,,,,,,
291,RecordLabel,Northern Apex Records,,,,,,,
297,RecordLabel,Bon-Air Beats,,,,,,,
306,RecordLabel,Riverflow Records,,,,,,,
307,RecordLabel,Steinach Sound,,,,,,,
311,RecordLabel,Reverie Records,,,,,,,
318,RecordLabel,Aveyron Sonics,,,,,,,
319,RecordLabel,Arsizio Sonic,,,,,,,
320,RecordLabel,MTJ Harmony,,,,,,,
327,RecordLabel,Crossroads Collective,,,,,,,
328,RecordLabel,Univalle Music,,,,,,,
335,RecordLabel,Vienna Echo,,,,,,,
336,RecordLabel,Koski Resonance,,,,,,,
337,RecordLabel,Bandmaster Music,,,,,,,
338,RecordLabel,Bockelmann Soundworks,,,,,,,
342,RecordLabel,Archival Resonance Records,,,,,,,
343,RecordLabel,Briis Valley Studios,,,,,,,
348,RecordLabel,Botha Rhythms,,,,,,,
357,RecordLabel,New York Harmony,,,,,,,
363,RecordLabel,Singleton Groove,,,,,,,
364,RecordLabel,Arrayán,,,,,,,
370,RecordLabel,Wilderness Frequency,,,,,,,
375,RecordLabel,Midnight Groove,,,,,,,
381,RecordLabel,Luminoso Recordings,,,,,,,
389,RecordLabel,Neuendorf Sounds,,,,,,,
390,RecordLabel,Guyon Seine Recordings,,,,,,,
400,RecordLabel,Whitesmith Recordings,,,,,,,
401,RecordLabel,Duumvirate Recordings,,,,,,,
406,RecordLabel,Heritage Sound Studios,,,,,,,
411,RecordLabel,Verge,,,,,,,
412,RecordLabel,Mela Melodia,,,,,,,
416,RecordLabel,Gagnef Groove,,,,,,,
417,RecordLabel,Ipecac Grooves,,,,,,,
418,RecordLabel,Sanctuary Pulse,,,,,,,
422,RecordLabel,Harmony Descent,,,,,,,
428,RecordLabel,Rumson Records,,,,,,,
429,RecordLabel,Primrose Sounds,,,,,,,
430,RecordLabel,Static Frequency,,,,,,,
437,RecordLabel,Foreign Affairs Recordings,,,,,,,
444,RecordLabel,Adra Amplify,,,,,,,
448,RecordLabel,Strict Pulse,,,,,,,
453,RecordLabel,Stellar Serenade,,,,,,,
458,RecordLabel,Lithic Resonance,,,,,,,
459,RecordLabel,Larchmont Sound,,,,,,,
460,RecordLabel,Crossroads & Highways,,,,,,,
466,RecordLabel,Daybreak Horizon Records,,,,,,,
472,RecordLabel,Veredas Sonoras,,,,,,,
477,RecordLabel,Stage Collective Records,,,,,,,
481,RecordLabel,Llangréu Records,,,,,,,
488,RecordLabel,Monticello Sound,,,,,,,
489,RecordLabel,Windveer Records,,,,,,,
490,RecordLabel,Sonora Nocturne,,,,,,,
496,RecordLabel,Cresnes Studios,,,,,,,
502,RecordLabel,Shelby Horizon Records,,,,,,,
503,RecordLabel,Cernusco Sonic,,,,,,,
509,RecordLabel,Campania Soundworks,,,,,,,
514,RecordLabel,Sketch Sonic,,,,,,,
515,RecordLabel,Urban Echo Records,,,,,,,
519,RecordLabel,Highland Echo Records,,,,,,,
524,RecordLabel,Navigatör Skivbolag,,,,,,,
530,RecordLabel,Peak Limit Records,,,,,,,
531,RecordLabel,Kyoto Arc,,,,,,,
532,RecordLabel,Elche Echo Records,,,,,,,
541,RecordLabel,Latium Sonics,,,,,,,
542,RecordLabel,World Sonic,,,,,,,
548,RecordLabel,Lanterne,,,,,,,
549,RecordLabel,Verdana Sounds,,,,,,,
552,RecordLabel,Phantom Trace,,,,,,,
557,RecordLabel,Enlightened Horizon Records,,,,,,,
568,RecordLabel,Harmonic Capital Recordings,,,,,,,
574,RecordLabel,Harmonic Horizon,,,,,,,
575,RecordLabel,Alta Cascata,,,,,,,
576,RecordLabel,Sonic Horizon Records,,,,,,,
580,RecordLabel,Auric Membrane,,,,,,,
584,RecordLabel,Diplomatic Grace Records,,,,,,,
589,RecordLabel,Resonant Cascade,,,,,,,
596,RecordLabel,Devotional Pulse Records,,,,,,,
609,RecordLabel,Verdant Realm Records,,,,,,,
610,RecordLabel,Global Harmony,,,,,,,
618,RecordLabel,Luminar Records,,,,,,,
619,RecordLabel,Sclafani Sound Studios,,,,,,,
620,RecordLabel,99Ascent,,,,,,,
623,RecordLabel,Kuvalta Records,,,,,,,
624,RecordLabel,Lilybaeum Recordings,,,,,,,
630,RecordLabel,Mer Melody,,,,,,,
631,RecordLabel,Nebula Resonance,,,,,,,
635,RecordLabel,Echoes of Seoul,,,,,,,
640,RecordLabel,Kemono Harmony,,,,,,,
641,RecordLabel,Colli Armonici,,,,,,,
651,RecordLabel,Memory Tide,,,,,,,
652,RecordLabel,Rockville Records,,,,,,,
661,RecordLabel,Louis Legacy Records,,,,,,,
670,RecordLabel,Velvet Grove,,,,,,,
671,RecordLabel,Nebeský Tón,,,,,,,
672,RecordLabel,Radiant Echo Records,,,,,,,
681,RecordLabel,Mellon Sonic,,,,,,,
682,RecordLabel,Avernes Sound,,,,,,,
689,RecordLabel,Kamiogawa Grooves,,,,,,,
693,RecordLabel,Sanctus Resonance,,,,,,,
694,RecordLabel,Nocturne Collective,,,,,,,
698,RecordLabel,Sonora Liminal,,,,,,,
704,RecordLabel,MTJ Horizon,,,,,,,
710,RecordLabel,West Rhythm Records,,,,,,,
711,RecordLabel,Echo Chamber,,,,,,,
712,RecordLabel,Pinula Pulse,,,,,,,
719,RecordLabel,Thyrnau Tunes,,,,,,,
728,RecordLabel,Equatorial Echo,,,,,,,
729,RecordLabel,Nixon's Vinyl,,,,,,,
730,RecordLabel,Sereno Sounds,,,,,,,
734,RecordLabel,Seine River Rhythms,,,,,,,
735,RecordLabel,Alpine Horizon,,,,,,,
743,RecordLabel,Archival Imprints,,,,,,,
744,RecordLabel,Svadhyaya Sangeet Prakashan,,,,,,,
745,RecordLabel,Empoli Echo,,,,,,,
749,RecordLabel,Sovereign Sound Studios,,,,,,,
755,RecordLabel,Sonoria Lumina,,,,,,,
756,RecordLabel,Lilnuaj,,,,,,,
763,RecordLabel,Sant'Service Music,,,,,,,
765,RecordLabel,Vestec Sound Studios,,,,,,,
772,RecordLabel,Septentrion Sound,,,,,,,
780,RecordLabel,Crimson Echo Records,,,,,,,
785,RecordLabel,Seam Records,,,,,,,
786,RecordLabel,Quadraro Records,,,,,,,
795,RecordLabel,Progressive Discourse,,,,,,,
796,RecordLabel,Luceni Legends,,,,,,,
797,RecordLabel,Vertical Ascent Records,,,,,,,
798,RecordLabel,Lille Echoes,,,,,,,
805,RecordLabel,Solstice Sound,,,,,,,
809,RecordLabel,Verdante,,,,,,,
826,RecordLabel,Social Welfare Sounds,,,,,,,
837,RecordLabel,Zenith Records,,,,,,,
838,RecordLabel,Nurhaliza Sound,,,,,,,
851,RecordLabel,Second Wave Collective,,,,,,,
865,RecordLabel,Sâles Soundtrack,,,,,,,
875,RecordLabel,Horizont Wax,,,,,,,
879,RecordLabel,Verdant Horizon,,,,,,,
884,RecordLabel,Haute-Corse Records,,,,,,,
885,RecordLabel,Prairie Echo Records,,,,,,,
899,RecordLabel,Riverside Resonance Records,,,,,,,
900,RecordLabel,Pula Pulse Records,,,,,,,
911,RecordLabel,Urban Artifact Sound,,,,,,,
916,RecordLabel,Assembly Sound,,,,,,,
924,RecordLabel,Pine Harmony,,,,,,,
931,RecordLabel,Tremolo Cascata,,,,,,,
932,RecordLabel,Resonant Horizon Recordings,,,,,,,
938,RecordLabel,Eternal Horizon Studios,,,,,,,
939,RecordLabel,Cooltempo Collective,,,,,,,
944,RecordLabel,Bertelsmann Bydžov Studios,,,,,,,
950,RecordLabel,Windfield Recordings,,,,,,,
961,RecordLabel,Provisional Harmony,,,,,,,
969,RecordLabel,Swiss Rhythm Studios,,,,,,,
973,RecordLabel,Bicameral Beats,,,,,,,
979,RecordLabel,Center Sound,,,,,,,
993,RecordLabel,Ambient Terrain,,,,,,,
994,RecordLabel,we.are+,,,,,,,
997,RecordLabel,Loyal Meridian Underground,,,,,,,
998,RecordLabel,Alpine Echo Studios,,,,,,,
1006,RecordLabel,Indigenous Echo,,,,,,,
1011,RecordLabel,Patriarca Soundworks,,,,,,,
1016,RecordLabel,Ravine Sound,,,,,,,
1017,RecordLabel,Cadenza Recordings,,,,,,,
1022,RecordLabel,Siberian Sound Collective,,,,,,,
1023,RecordLabel,Tinsmith Records,,,,,,,
1031,RecordLabel,Celestial Skies,,,,,,,
1032,RecordLabel,Vortex Groove,,,,,,,
1048,RecordLabel,Sanctus Sonora,,,,,,,
1049,RecordLabel,Guyonne Grooves,,,,,,,
1050,RecordLabel,Surefire Sounds,,,,,,,
1054,RecordLabel,Verdant Echo Studios,,,,,,,
1055,RecordLabel,Ember Sound Studios,,,,,,,
1056,RecordLabel,Verdict Sounds,,,,,,,
1067,RecordLabel,Provisional Sound,,,,,,,
1068,RecordLabel,Plaza Rhythm,,,,,,,
1075,RecordLabel,Hanseatic Harmony,,,,,,,
1087,RecordLabel,Malgrat Soundscape,,,,,,,
1095,RecordLabel,Aldehuela Groove,,,,,,,
1100,RecordLabel,Monticello Sounds,,,,,,,
1104,RecordLabel,Lyre/aim Records,,,,,,,
1105,RecordLabel,StarRoc Records,,,,,,,
1111,RecordLabel,Chester Groove,,,,,,,
1112,RecordLabel,Pure & Radiant,,,,,,,
1116,RecordLabel,Soliloquy Sounds,,,,,,,
1119,RecordLabel,Pulse Stream Records,,,,,,,
1124,RecordLabel,Prism Audio,,,,,,,
1129,RecordLabel,Siren Sonic,,,,,,,
1133,RecordLabel,Continental Sound Syndicate,,,,,,,
1134,RecordLabel,Medoc Music,,,,,,,
1144,RecordLabel,Caucasian Imprint,,,,,,,
1155,RecordLabel,Cascina Sonora,,,,,,,
1161,RecordLabel,Afirmativa Sounds,,,,,,,
1168,RecordLabel,Ville Vinyl,,,,,,,
1169,RecordLabel,Virtuoso Archives,,,,,,,
1183,RecordLabel,Mírov Sounds,,,,,,,
1184,RecordLabel,Neon Pulse Recordings,,,,,,,
1189,RecordLabel,Verde Sonido,,,,,,,
1194,RecordLabel,Solstice Sounds,,,,,,,
1203,RecordLabel,Péronne Pulse,,,,,,,
1204,RecordLabel,StarRoc Music,,,,,,,
1207,RecordLabel,Resonance Arts,,,,,,,
1212,RecordLabel,Echo Sound Studios,,,,,,,
1216,RecordLabel,Acreage Sounds,,,,,,,
1228,RecordLabel,Rustic Grove Sound,,,,,,,
1234,RecordLabel,Kemono Beats,,,,,,,
1235,RecordLabel,Serra Soundtrack,,,,,,,
1243,RecordLabel,Sonoro Estrellas,,,,,,,
1264,RecordLabel,Estival Sound,,,,,,,
1268,RecordLabel,Hafling Heights,,,,,,,
1278,RecordLabel,Starlight Grooves,,,,,,,
1284,RecordLabel,Barbizon Sound,,,,,,,
1285,RecordLabel,Honeydew Harmony,,,,,,,
1291,RecordLabel,Coastline Collective,,,,,,,
1292,RecordLabel,Compass Cuts,,,,,,,
1297,RecordLabel,Pulse Horizon Studios,,,,,,,
1305,RecordLabel,Nordic Vault Records,,,,,,,
1306,RecordLabel,Pixel Reflection,,,,,,,
1319,RecordLabel,Green Fuel Records,,,,,,,
1325,RecordLabel,Sony Indie,,,,,,,
1331,RecordLabel,Valenciano Tracks,,,,,,,
1332,RecordLabel,Sant Pere Sounds,,,,,,,
1338,RecordLabel,Mussomeli Melodies,,,,,,,
1339,RecordLabel,Little Pine Records,,,,,,,
1342,RecordLabel,Harvest Grove Records,,,,,,,
1349,RecordLabel,Nighthawk Records,,,,,,,
1357,RecordLabel,Peaceful Vision Records,,,,,,,
1368,RecordLabel,BAS Beats,,,,,,,
1369,RecordLabel,Starlight Soundscape,,,,,,,
1383,RecordLabel,Zodiaco Recordings,,,,,,,
1387,RecordLabel,Goodwill Sounds,,,,,,,
1393,RecordLabel,Northstar Sound,,,,,,,
1394,RecordLabel,Coastal Harmony Studios,,,,,,,
1401,RecordLabel,Westgrund,,,,,,,
1415,RecordLabel,Compass Records,,,,,,,
1421,RecordLabel,Puits Sonore,,,,,,,
1430,RecordLabel,Mucambo Music,,,,,,,
1434,RecordLabel,Nonesuch Collective,,,,,,,
1439,RecordLabel,Roman Echo,,,,,,,
1446,RecordLabel,Terzal Tones,,,,,,,
1460,RecordLabel,Camden Air Music,,,,,,,
1469,RecordLabel,Orb Octave,,,,,,,
1475,RecordLabel,Nautilus Records,,,,,,,
1481,RecordLabel,Altopiano Records,,,,,,,
1482,RecordLabel,Equinox Resonance,,,,,,,
1488,RecordLabel,Fizz Recordings,,,,,,,
1500,RecordLabel,Provisional Groove,,,,,,,
1501,RecordLabel,Imperial Archives Recordings,,,,,,,
1507,RecordLabel,Silver Horizon Recordings,,,,,,,
1528,RecordLabel,Agata Records,,,,,,,
1532,RecordLabel,World Pulse Records,,,,,,,
1537,RecordLabel,Prism Echo Studios,,,,,,,
1538,RecordLabel,Radiant Sounds Collective,,,,,,,
1542,RecordLabel,Pachyderm Sounds,,,,,,,
1543,RecordLabel,Horizon Echo Studios,,,,,,,
1549,RecordLabel,Digital Airlines,,,,,,,
1569,RecordLabel,Drama Circle Records,,,,,,,
1570,RecordLabel,Plenary Sound,,,,,,,
1583,RecordLabel,Terra Rossa Sounds,,,,,,,
1584,RecordLabel,Aldehuela Recordings,,,,,,,
1587,RecordLabel,Verdant Frontier Recordings,,,,,,,
1595,RecordLabel,Meridian Sound,,,,,,,
1599,RecordLabel,Cultural Harmony,,,,,,,
1604,RecordLabel,Abbaye Resonance,,,,,,,
1616,RecordLabel,BMG Horizon Sound,,,,,,,
1625,RecordLabel,Monarch Recordings,,,,,,,
1634,RecordLabel,Echo Eleven Recordings,,,,,,,
1640,RecordLabel,Navio Sound,,,,,,,
1641,RecordLabel,Spon Records,,,,,,,
1659,RecordLabel,Chung Dynasty Records,,,,,,,
1660,RecordLabel,Crude Harmony,,,,,,,
1669,RecordLabel,DFBR Recordings,,,,,,,
1670,RecordLabel,Pebble Press Recordings,,,,,,,
1679,RecordLabel,Palazzo Sounds,,,,,,,
1687,RecordLabel,La Crestière,,,,,,,
1688,RecordLabel,Rundfunk Records,,,,,,,
1699,RecordLabel,Emre Wavelength,,,,,,,
1708,RecordLabel,Simina Sound,,,,,,,
1722,RecordLabel,Atco Axis,,,,,,,
1737,RecordLabel,Regal Reverence Records,,,,,,,
1740,RecordLabel,Urutone Records,,,,,,,
1741,RecordLabel,Campania Tracks,,,,,,,
1755,RecordLabel,Nordic Pulse Records,,,,,,,
1756,RecordLabel,Pure Springs Audio,,,,,,,
1771,RecordLabel,Silverlight Sound,,,,,,,
1786,RecordLabel,Haute-Corse Harmony,,,,,,,
1790,RecordLabel,Montagne Sonore,,,,,,,
1795,RecordLabel,Ornica Sound,,,,,,,
1796,RecordLabel,Forward Sound,,,,,,,
1812,RecordLabel,Emre Echo Records,,,,,,,
1821,RecordLabel,Maelstrom Records,,,,,,,
1822,RecordLabel,Chung Heritage Records,,,,,,,
1829,RecordLabel,Pulse Platters,,,,,,,
1836,RecordLabel,Full Frame Records,,,,,,,
1840,RecordLabel,Resonanz Klang Verlag,,,,,,,
1852,RecordLabel,Orge Resonance,,,,,,,
1856,RecordLabel,Dharma Groove,,,,,,,
1879,RecordLabel,Fassa Sounds,,,,,,,
1883,RecordLabel,Fascino Harmony,,,,,,,
1892,RecordLabel,Sound Spectrum,,,,,,,
1893,RecordLabel,Sonic Mosaic,,,,,,,
1894,RecordLabel,Terral Sounds,,,,,,,
1906,RecordLabel,Nishi Grooves,,,,,,,
1925,RecordLabel,Vertical Altitude,,,,,,,
1926,RecordLabel,Grafson Groove,,,,,,,
1938,RecordLabel,Jewel Tone Records,,,,,,,
1948,RecordLabel,Orbital Sound,,,,,,,
1957,RecordLabel,Sovereign Ledger Sound,,,,,,,
1964,RecordLabel,Nyx Echo,,,,,,,
1965,RecordLabel,Urban Atelier Collective,,,,,,,
1983,RecordLabel,Desert Frequency,,,,,,,
1989,RecordLabel,Mirov Melody Records,,,,,,,
1990,RecordLabel,Svítání Sounds,,,,,,,
2008,RecordLabel,Saignelegier Records,,,,,,,
2018,RecordLabel,Bellecourt Sounds,,,,,,,
2025,RecordLabel,Provincial Signature Records,,,,,,,
2029,RecordLabel,Bilhom Rhythms,,,,,,,
2039,RecordLabel,Starlight Frequency,,,,,,,
2040,RecordLabel,Jaguaribe Sonics,,,,,,,
2041,RecordLabel,Horizon Sonic,,,,,,,
2046,RecordLabel,Sonic Larch,,,,,,,
2047,RecordLabel,Horizon Pulse Records,,,,,,,
2067,RecordLabel,Harmonic Pulse Records,,,,,,,
2071,RecordLabel,Viterbo Sounds,,,,,,,
2072,RecordLabel,Thyrnau Sound,,,,,,,
2077,RecordLabel,Boğaz Ses,,,,,,,
2081,RecordLabel,Gabriel Groove,,,,,,,
2086,RecordLabel,Akademia Sound,,,,,,,
2092,RecordLabel,Crimson Wave Music,,,,,,,
2106,RecordLabel,Willow Street Records,,,,,,,
2111,RecordLabel,Chancel Resonance,,,,,,,
2117,RecordLabel,Miyagino Sound,,,,,,,
2118,RecordLabel,Naucalpan Rhythms,,,,,,,
2119,RecordLabel,Osaka Resonance,,,,,,,
2128,RecordLabel,Triumph Sounds,,,,,,,
2129,RecordLabel,Tritone Recordings,,,,,,,
2142,RecordLabel,Pere Pulse Records,,,,,,,
2147,RecordLabel,Northshore Sound,,,,,,,
2152,RecordLabel,New Starý Records,,,,,,,
2160,RecordLabel,Silverlight Recordings,,,,,,,
2166,RecordLabel,Sarkar Sound,,,,,,,
2181,RecordLabel,Montfort Sounds,,,,,,,
2185,RecordLabel,Meiji Records,,,,,,,
2193,RecordLabel,Rogue Pixel,,,,,,,
2194,RecordLabel,Parazinho Beats,,,,,,,
2195,RecordLabel,Studio Pulse,,,,,,,
2196,RecordLabel,Stillwater Sound,,,,,,,
2201,RecordLabel,Resonant Diocese,,,,,,,
2204,RecordLabel,Sinewsound,,,,,,,
2205,RecordLabel,Ribes Rhythm,,,,,,,
2220,RecordLabel,Midnight Compass,,,,,,,
2232,RecordLabel,Sonora Delta,,,,,,,
2233,RecordLabel,Sâles Sonic,,,,,,,
2249,RecordLabel,Quadraro Groove,,,,,,,
2259,RecordLabel,Perarolo Vinyl,,,,,,,
2266,RecordLabel,Golden Groove,,,,,,,
2271,RecordLabel,Epoch Sound Studios,,,,,,,
2283,RecordLabel,Pivot Platters,,,,,,,
2290,RecordLabel,Woodland Echo Records,,,,,,,
2291,RecordLabel,DEP Dynamics,,,,,,,
2298,RecordLabel,Viterbo Vinyl,,,,,,,
2302,RecordLabel,Hafling Records,,,,,,,
2306,RecordLabel,Leuchten,,,,,,,
2320,RecordLabel,Cascata Sounds,,,,,,,
2321,RecordLabel,Marrow Sounds,,,,,,,
2322,RecordLabel,Lombardone Sound,,,,,,,
2330,RecordLabel,Stacks Audio,,,,,,,
2332,RecordLabel,Picardy Lane,,,,,,,
2356,RecordLabel,Zephyr Horizon,,,,,,,
2359,RecordLabel,Nocturne Sounds,,,,,,,
2384,RecordLabel,Whispers & The Echoes,,,,,,,
2390,RecordLabel,Chromatic Echo,,,,,,,
2410,RecordLabel,Sertão Sounds,,,,,,,
2411,RecordLabel,Celentano Groove,,,,,,,
2412,RecordLabel,Wetherspoon Wax,,,,,,,
2423,RecordLabel,Violet Vinyl,,,,,,,
2432,RecordLabel,Néochrome Collective,,,,,,,
2439,RecordLabel,Pewterer Phonograph,,,,,,,
2453,RecordLabel,Vertical Horizon,,,,,,,
2469,RecordLabel,Vestec Sound,,,,,,,
2473,RecordLabel,Nicht Ohne Grund!,,,,,,,
2474,RecordLabel,Villafranca Sound,,,,,,,
2478,RecordLabel,Luminous Soundscape Records,,,,,,,
2485,RecordLabel,Maritime Archives,,,,,,,
2492,RecordLabel,Resonant Core,,,,,,,
2499,RecordLabel,Kamiogawa Sound,,,,,,,
2514,RecordLabel,Mates & Melodies,,,,,,,
2523,RecordLabel,Alabaster Sounds,,,,,,,
2524,RecordLabel,Constellation Sound,,,,,,,
2539,RecordLabel,Kinex Media Group,,,,,,,
2540,RecordLabel,Guardian Soundworks,,,,,,,
2548,RecordLabel,Sonic Frontier Records,,,,,,,
2553,RecordLabel,Silver Scale Sounds,,,,,,,
2554,RecordLabel,Parallel Meridian Records,,,,,,,
2560,RecordLabel,Anthropology Sound,,,,,,,
2575,RecordLabel,Navio Sounds,,,,,,,
2593,RecordLabel,Cascina Suoni,,,,,,,
2594,RecordLabel,Quartier Brut,,,,,,,
2623,RecordLabel,Elsass Sound,,,,,,,
2624,RecordLabel,Celestial Vinyl,,,,,,,
2632,RecordLabel,Eicher Sound,,,,,,,
2638,RecordLabel,Monika Soundscape,,,,,,,
2640,RecordLabel,Oulu|Kainuu,,,,,,,
2654,RecordLabel,Directive Collective,,,,,,,
2657,RecordLabel,Lumière Sonore,,,,,,,
2661,RecordLabel,Pulse Export Records,,,,,,,
2675,RecordLabel,Nimbus,,,,,,,
2682,RecordLabel,Saint Rémy Soundworks,,,,,,,
2690,RecordLabel,NDR Soundworks,,,,,,,
2700,RecordLabel,Sceaux|Harmonie,,,,,,,
2703,RecordLabel,Kennel Sound Studios,,,,,,,
2708,RecordLabel,Nova Horizon Recordings,,,,,,,
2723,RecordLabel,Verdra,,,,,,,
2733,RecordLabel,DEP Frequency,,,,,,,
2742,RecordLabel,EMI Horizon,,,,,,,
2747,RecordLabel,Purple Pulse Music,,,,,,,
2754,RecordLabel,Vinello Sonoro,,,,,,,
2760,RecordLabel,Paw Print Records,,,,,,,
2767,RecordLabel,Johanneberg Sounds,,,,,,,
2774,RecordLabel,Noble Gas Recordings,,,,,,,
2778,RecordLabel,Substrata,,,,,,,
2783,RecordLabel,Hillside Sound,,,,,,,
2791,RecordLabel,Echo Varda,,,,,,,
2799,RecordLabel,Barely Brilliant,,,,,,,
2806,RecordLabel,Punto di Stampa,,,,,,,
2813,RecordLabel,Coastal Grove Recordings,,,,,,,
2814,RecordLabel,Cascade Sonics,,,,,,,
2820,RecordLabel,Prism Sonic,,,,,,,
2821,RecordLabel,Oettern Octave,,,,,,,
2827,RecordLabel,Dusk Sonic Industries,,,,,,,
2837,RecordLabel,Periáñez Sounds,,,,,,,
2847,RecordLabel,Tottori Groove,,,,,,,
2886,RecordLabel,Sonic Spectrum Studios,,,,,,,
2897,RecordLabel,Ambassador Records,,,,,,,
2898,RecordLabel,Catarina Records,,,,,,,
2904,RecordLabel,Twilight Horizon Records,,,,,,,
2914,RecordLabel,Sole Sonic,,,,,,,
2920,RecordLabel,Skyline Audio,,,,,,,
2926,RecordLabel,Mighty Orchard Sound,,,,,,,
2955,RecordLabel,Melodic Pulse,,,,,,,
2971,RecordLabel,Echosphere Records,,,,,,,
2989,RecordLabel,Mírov Sound,,,,,,,
3001,RecordLabel,Côte Sonore,,,,,,,
3007,RecordLabel,Brandizzo Sounds,,,,,,,
3016,RecordLabel,Aurrera Sounds,,,,,,,
3017,RecordLabel,Action Manifesto,,,,,,,
3041,RecordLabel,Ardennes Audio,,,,,,,
3042,RecordLabel,Quill Recordings,,,,,,,
3052,RecordLabel,Cadore Sound,,,,,,,
3063,RecordLabel,Plan Pulse,,,,,,,
3074,RecordLabel,Espumoso Records,,,,,,,
3075,RecordLabel,Aihara Audio,,,,,,,
3092,RecordLabel,Immediate Harmony,,,,,,,
3099,RecordLabel,Inn Valley Recordings,,,,,,,
3105,RecordLabel,Sonic Frequency Studios,,,,,,,
3109,RecordLabel,Melodrama Recordings,,,,,,,
3114,RecordLabel,Resonant Ridge,,,,,,,
3127,RecordLabel,Tokyo Pulse,,,,,,,
3132,RecordLabel,Echoes of Eich,,,,,,,
3143,RecordLabel,Sonic Horizon SA,,,,,,,
3150,RecordLabel,Swift Sound,,,,,,,
3153,RecordLabel,Sixth Arrondissement Records,,,,,,,
3167,RecordLabel,Uruçuí Beats,,,,,,,
3173,RecordLabel,Vestige Sound,,,,,,,
3193,RecordLabel,Sidéral Groove,,,,,,,
3216,RecordLabel,Rustique Sonore,,,,,,,
3234,RecordLabel,Crimson Pulse,,,,,,,
3235,RecordLabel,Urban Prism Music,,,,,,,
3236,RecordLabel,Tempo Fusion,,,,,,,
3242,RecordLabel,Executive Session,,,,,,,
3251,RecordLabel,Scarlet Plume Records,,,,,,,
3273,RecordLabel,Celestial Axis,,,,,,,
3274,RecordLabel,Midnight Pulse Records,,,,,,,
3281,RecordLabel,Midnight Terrain Studios,,,,,,,
3285,RecordLabel,Hernández Harmony,,,,,,,
3301,RecordLabel,Lunar Horizon,,,,,,,
3328,RecordLabel,Sunset Sound Studios,,,,,,,
3341,RecordLabel,Sonic Arrow Records,,,,,,,
3347,RecordLabel,Greville Soundworks,,,,,,,
3348,RecordLabel,Aldehuela Rhythm,,,,,,,
3353,RecordLabel,Digital Airwaves,,,,,,,
3354,RecordLabel,Apex Sonics,,,,,,,
3357,RecordLabel,Empire Sound,,,,,,,
3361,RecordLabel,Spiegel Harmony,,,,,,,
3372,RecordLabel,Troisième Sonore,,,,,,,
3394,RecordLabel,Granite Grove Sound,,,,,,,
3400,RecordLabel,Paris Sixth Studios,,,,,,,
3401,RecordLabel,Blue Ridge Recordings,,,,,,,
3406,RecordLabel,Marsala Sounds,,,,,,,
3420,RecordLabel,Stellar Pulse Records,,,,,,,
3421,RecordLabel,Resonant Sound Studios,,,,,,,
3443,RecordLabel,Luceni Groove,,,,,,,
3500,RecordLabel,Grünwald Groove,,,,,,,
3505,RecordLabel,Orbital Pulse,,,,,,,
3530,RecordLabel,Rive-Cascade Recordings,,,,,,,
3539,RecordLabel,Germain Grooves,,,,,,,
3551,RecordLabel,Soundscape Studios,,,,,,,
3552,RecordLabel,Sâles Collective,,,,,,,
3558,RecordLabel,Juarez Jams,,,,,,,
3566,RecordLabel,Adirondack Echo,,,,,,,
3579,RecordLabel,Soultrack,,,,,,,
3592,RecordLabel,Voix de l'Horizon,,,,,,,
3601,RecordLabel,Tinsmith Tunes,,,,,,,
3602,RecordLabel,Asylum Soundworks,,,,,,,
3625,RecordLabel,Sonic Strike Records,,,,,,,
3643,RecordLabel,Republic Rhythm,,,,,,,
3651,RecordLabel,Imperial Echo,,,,,,,
3667,RecordLabel,Dining Hall Discs,,,,,,,
3675,RecordLabel,Lava Stratum,,,,,,,
3682,RecordLabel,Circolo Melodico,,,,,,,
3687,RecordLabel,Prefecture Pulse,,,,,,,
3705,RecordLabel,New York Collective,,,,,,,
3709,RecordLabel,Kick,,,,,,,
3710,RecordLabel,Wilojarston Waves,,,,,,,
3718,RecordLabel,Fukuoka Frequency,,,,,,,
3726,RecordLabel,Towerline Audio,,,,,,,
3746,RecordLabel,Butterscotch Discs,,,,,,,
3755,RecordLabel,Jeweler's Harmony,,,,,,,
3772,RecordLabel,Sunset Sonics,,,,,,,
3778,RecordLabel,Sonic Wingspan,,,,,,,
3786,RecordLabel,Adès Audio,,,,,,,
3800,RecordLabel,Súria Recordings,,,,,,,
3822,RecordLabel,Euphoria Soundworks,,,,,,,
3855,RecordLabel,Kyst,,,,,,,
3858,RecordLabel,Bilhom Bloom,,,,,,,
3875,RecordLabel,Sonic Whisper,,,,,,,
3884,RecordLabel,Sketch Sound,,,,,,,
3903,RecordLabel,EMI Legacy,,,,,,,
3907,RecordLabel,Valencian Echo,,,,,,,
3912,RecordLabel,Vaerado,,,,,,,
3949,RecordLabel,Resonance,,,,,,,
3950,RecordLabel,Medical Rhythm,,,,,,,
3965,RecordLabel,Digital Airwave Productions,,,,,,,
3971,RecordLabel,Tropical Echo Studios,,,,,,,
3984,RecordLabel,Aural Arc,,,,,,,
3985,RecordLabel,Riverside Rhythm Records,,,,,,,
4001,RecordLabel,Flowing River Sound,,,,,,,
4002,RecordLabel,Adra Echo,,,,,,,
4012,RecordLabel,SovereignSounds,,,,,,,
4013,RecordLabel,Resonant Gate,,,,,,,
4022,RecordLabel,Coastal Echoes,,,,,,,
4028,RecordLabel,Ap Iago Music,,,,,,,
4067,RecordLabel,Vintage Vault Records,,,,,,,
4068,RecordLabel,Shrine Sound,,,,,,,
4084,RecordLabel,Drone Zone,,,,,,,
4094,RecordLabel,Chromatic Horizon,,,,,,,
4099,RecordLabel,Alsace Acoustics,,,,,,,
4104,RecordLabel,Orion Coastal,,,,,,,
4111,RecordLabel,Obama Groove,,,,,,,
4122,RecordLabel,Laye Listening,,,,,,,
4135,RecordLabel,Singleton Sound,,,,,,,
4165,RecordLabel,Politburo Phonographs,,,,,,,
4166,RecordLabel,Distillate,,,,,,,
4177,RecordLabel,Sky Sounds,,,,,,,
4187,RecordLabel,Colombières Collective,,,,,,,
4193,RecordLabel,Crest Harmony,,,,,,,
4207,RecordLabel,Colonial Sound,,,,,,,
4221,RecordLabel,Fukuoka Sound,,,,,,,
4232,RecordLabel,Prairie Sound Records,,,,,,,
4249,RecordLabel,Súria Soundscape,,,,,,,
4260,RecordLabel,Resonant Heights,,,,,,,
4269,RecordLabel,Maje Sound,,,,,,,
4270,RecordLabel,Quorum Collective,,,,,,,
4279,RecordLabel,MTJ Recordings,,,,,,,
4280,RecordLabel,Perch Productions,,,,,,,
4293,RecordLabel,Golden Pulse Entertainment,,,,,,,
4321,RecordLabel,Versant Sonore,,,,,,,
4331,RecordLabel,Digital Talaiga,,,,,,,
4334,RecordLabel,Fjellklang,,,,,,,
4341,RecordLabel,Carnaubal Sound,,,,,,,
4366,RecordLabel,Silverline Music,,,,,,,
4367,RecordLabel,Crampin-Verte,,,,,,,
4391,RecordLabel,Blue Soles Sound,,,,,,,
4392,RecordLabel,Mercury Pulse,,,,,,,
4399,RecordLabel,Fortezza Sonora,,,,,,,
4404,RecordLabel,Resonanz Editions,,,,,,,
4405,RecordLabel,Elsass Recordings,,,,,,,
4410,RecordLabel,Frisson,,,,,,,
4420,RecordLabel,Chevreuse Music Group,,,,,,,
4429,RecordLabel,Hollow & Crest,,,,,,,
4452,RecordLabel,Neuendettelsau Noise,,,,,,,
4480,RecordLabel,Rockville Sounds,,,,,,,
4488,RecordLabel,Immediate Horizon,,,,,,,
4496,RecordLabel,Knäpp Records,,,,,,,
4497,RecordLabel,Sonic Vault Studios,,,,,,,
4515,RecordLabel,Taajama Sounds,,,,,,,
4516,RecordLabel,Terreno,,,,,,,
4532,RecordLabel,Alpine Echo,,,,,,,
4533,RecordLabel,Martian Sound Archives,,,,,,,
4554,RecordLabel,Jellyrock Records,,,,,,,
4564,RecordLabel,Collettivo Sonoro,,,,,,,
4570,RecordLabel,Vallès Vinyl,,,,,,,
4575,RecordLabel,Timber Ridge Music,,,,,,,
4581,RecordLabel,Civic Archives Sound Studio,,,,,,,
4582,RecordLabel,Solara,,,,,,,
4612,RecordLabel,Menton Melody,,,,,,,
4623,RecordLabel,Segura Sonic,,,,,,,
4638,RecordLabel,Gaillac Groove,,,,,,,
4644,RecordLabel,Estuary Sound,,,,,,,
4660,RecordLabel,Domestic Affairs,,,,,,,
4673,RecordLabel,Southern Sentinel,,,,,,,
4674,RecordLabel,Thyrnau Tracks,,,,,,,
4693,RecordLabel,Citrus Grove Records,,,,,,,
4700,RecordLabel,Manufacturing Melody,,,,,,,
4722,RecordLabel,Lumiera,,,,,,,
4723,RecordLabel,Lyric Horizon,,,,,,,
4724,RecordLabel,Quintet Recordings,,,,,,,
4737,RecordLabel,Corona Sonora,,,,,,,
4747,RecordLabel,Dolní Echo,,,,,,,
4748,RecordLabel,Latitude Echo,,,,,,,
4757,RecordLabel,Riviera Resonance,,,,,,,
4763,RecordLabel,Le Sonore,,,,,,,
4794,RecordLabel,Montfort Records,,,,,,,
4800,RecordLabel,Pulse Point Records,,,,,,,
4804,RecordLabel,Alpine Echo Records,,,,,,,
4826,RecordLabel,Zeuthen Sonic,,,,,,,
4842,RecordLabel,Postal Rhythm,,,,,,,
4845,RecordLabel,Valle Sounds,,,,,,,
4846,RecordLabel,Nordische Resonanz,,,,,,,
4858,RecordLabel,Guillemont Sounds,,,,,,,
4869,RecordLabel,Palazzo Rhythm,,,,,,,
4879,RecordLabel,Cascata Sonora,,,,,,,
4908,RecordLabel,Toro Tracks,,,,,,,
4919,RecordLabel,Resilient Recordings,,,,,,,
4925,RecordLabel,Arbor Sound,,,,,,,
4931,RecordLabel,Tidal Verse Records,,,,,,,
4944,RecordLabel,Scribe Sound,,,,,,,
4949,RecordLabel,Brandizzo Sound,,,,,,,
4958,RecordLabel,Horizon Echo Records,,,,,,,
4964,RecordLabel,Guà Resonance,,,,,,,
5000,RecordLabel,Outernative,,,,,,,
5003,RecordLabel,Emperor Harmony,,,,,,,
5012,RecordLabel,Riverstone,,,,,,,
5017,RecordLabel,Sinaloan Rhythms,,,,,,,
5034,RecordLabel,Cube Sonic,,,,,,,
5039,RecordLabel,Cadenza Noir,,,,,,,
5044,RecordLabel,Toten Sounds,,,,,,,
5045,RecordLabel,Distrito Sonoro,,,,,,,
5057,RecordLabel,Onzième Sonore,,,,,,,
5073,RecordLabel,Żmierek Sounds,,,,,,,
5078,RecordLabel,Clay Spin,,,,,,,
5141,RecordLabel,Municipal Groove,,,,,,,
5153,RecordLabel,Sonore Horizon,,,,,,,
5172,RecordLabel,Mestika Sound,,,,,,,
5180,RecordLabel,Mighty Bydgoszcz Sound,,,,,,,
5194,RecordLabel,Ophelia Pulse,,,,,,,
5230,RecordLabel,Yandex Rhythm,,,,,,,
5231,RecordLabel,Shrine Studios,,,,,,,
5242,RecordLabel,Resonant Valley,,,,,,,
5259,RecordLabel,Saint Sound Studios,,,,,,,
5272,RecordLabel,Jevany Groove,,,,,,,
5282,RecordLabel,Epoch Verse Publications,,,,,,,
5306,RecordLabel,Sacred Sound,,,,,,,
5347,RecordLabel,Last Frequency Music,,,,,,,
5375,RecordLabel,Harmonic Horizons,,,,,,,
5405,RecordLabel,Jevany Harmony,,,,,,,
5406,RecordLabel,Argelers Vinyl,,,,,,,
5409,RecordLabel,Echoes Terrain,,,,,,,
5414,RecordLabel,Rumson Rhythm,,,,,,,
5468,RecordLabel,Alabaster Sonics,,,,,,,
5476,RecordLabel,Horizon Sound Records,,,,,,,
5488,RecordLabel,Novaxis,,,,,,,
5506,RecordLabel,Quirós Sonic,,,,,,,
5513,RecordLabel,Bon Air Records,,,,,,,
5518,RecordLabel,Last Horizon Productions,,,,,,,
5524,RecordLabel,Spire Sound,,,,,,,
5525,RecordLabel,Jingū Records,,,,,,,
5534,RecordLabel,Guyonne Sound,,,,,,,
5563,RecordLabel,Westward Sound,,,,,,,
5564,RecordLabel,Pinnacle Sound,,,,,,,
5570,RecordLabel,Elche Echoes,,,,,,,
5576,RecordLabel,Verdant Valley Recordings,,,,,,,
5582,RecordLabel,Midnight Willow Studios,,,,,,,
5632,RecordLabel,Ozark Groove,,,,,,,
5635,RecordLabel,Lunar Haven Studios,,,,,,,
5642,RecordLabel,Civic Sound Collective,,,,,,,
5652,RecordLabel,Tirrena Tones,,,,,,,
5656,RecordLabel,Royal Frequency,,,,,,,
5672,RecordLabel,Liquid Horizon Records,,,,,,,
5678,RecordLabel,Orchestre Solaire,,,,,,,
5679,RecordLabel,Echenberg-Wäschental,,,,,,,
5693,RecordLabel,Pula Prism,,,,,,,
5698,RecordLabel,Valley Vinyl,,,,,,,
5703,RecordLabel,ABA Music Group,,,,,,,
5710,RecordLabel,Apex Sounds,,,,,,,
5725,RecordLabel,Lantern Sound Studios,,,,,,,
5729,RecordLabel,Metropole Sound,,,,,,,
5736,RecordLabel,Pulse Juice Records,,,,,,,
5743,RecordLabel,Cascade Resonance,,,,,,,
5744,RecordLabel,Ninth Haven Sounds,,,,,,,
5745,RecordLabel,Woo Navigation,,,,,,,
5786,RecordLabel,KOSAAF Records,,,,,,,
5801,RecordLabel,Joker's Wild Music,,,,,,,
5817,RecordLabel,Shamrock Sound,,,,,,,
5824,RecordLabel,Cement Sonics,,,,,,,
5825,RecordLabel,Artanis Audio,,,,,,,
5843,RecordLabel,Toten Tracks,,,,,,,
5846,RecordLabel,Frontera Sonora,,,,,,,
5881,RecordLabel,Southern Sound Collective,,,,,,,
5906,RecordLabel,Sanctum Soundworks,,,,,,,
5920,RecordLabel,Lumina Veranda,,,,,,,
5937,RecordLabel,National Guardian Records,,,,,,,
5956,RecordLabel,Voix Féminines,,,,,,,
5957,RecordLabel,Silver Horizon,,,,,,,
5971,RecordLabel,Urban Tremor,,,,,,,
5979,RecordLabel,Navio Rhythms,,,,,,,
5991,RecordLabel,Echo Ridge Studios,,,,,,,
6003,RecordLabel,Cadore Sounds,,,,,,,
6019,RecordLabel,Murga Sounds,,,,,,,
6021,RecordLabel,Thermopolis Tracks,,,,,,,
6027,RecordLabel,Cadenza,,,,,,,
6033,RecordLabel,Prairie Echo Sounds,,,,,,,
6034,RecordLabel,Silverdale Sound,,,,,,,
6040,RecordLabel,Plaza Pulse,,,,,,,
6102,RecordLabel,Kallas Soundworks,,,,,,,
6105,RecordLabel,Caldera Sonora,,,,,,,
6111,RecordLabel,Adra Rising,,,,,,,
6112,RecordLabel,Starlight Media,,,,,,,
6119,RecordLabel,Signature Sounds,,,,,,,
6141,RecordLabel,Convergencia Sonora,,,,,,,
6153,RecordLabel,JU Soundworks,,,,,,,
6156,RecordLabel,Beuern Sounds,,,,,,,
6157,RecordLabel,Blurry Beats,,,,,,,
6200,RecordLabel,Mercury Artanis,,,,,,,
6204,RecordLabel,Root Origin Records,,,,,,,
6209,RecordLabel,Terzola Tracks,,,,,,,
6256,RecordLabel,Joker's Wild Records,,,,,,,
6267,RecordLabel,Sévère Sonics,,,,,,,
6278,RecordLabel,Cascade Horizon Music,,,,,,,
6284,RecordLabel,Verdura Sounds,,,,,,,
6285,RecordLabel,Barcis Beats,,,,,,,
6297,RecordLabel,Luminex Records,,,,,,,
6341,RecordLabel,Timber Creek Records,,,,,,,
6350,RecordLabel,Veldenklank,,,,,,,
6356,RecordLabel,Yandex Soundscape,,,,,,,
6357,RecordLabel,Nishi Sound,,,,,,,
6392,RecordLabel,Vicentine Vinyl,,,,,,,
6422,RecordLabel,Rhizome Resonance,,,,,,,
6434,RecordLabel,Manzeggio,,,,,,,
6466,RecordLabel,Tinsmith Sounds,,,,,,,
6472,RecordLabel,Bergstadt Records,,,,,,,
6481,RecordLabel,Urban Realm Studios,,,,,,,
6496,RecordLabel,Ornain Meurthe Records,,,,,,,
6502,RecordLabel,Watershed Sounds,,,,,,,
6512,RecordLabel,La Source-Navale,,,,,,,
6540,RecordLabel,Presidential Vinyl,,,,,,,
6591,RecordLabel,Tritex Music,,,,,,,
6644,RecordLabel,Horizont,,,,,,,
6654,RecordLabel,Pulse Wave Records,,,,,,,
6679,RecordLabel,Knäpp Collective,,,,,,,
6684,RecordLabel,Gemstone Sound,,,,,,,
6720,RecordLabel,Transitory Resonance,,,,,,,
6741,RecordLabel,Dolinka,,,,,,,
6742,RecordLabel,Neuendorf Music,,,,,,,
6751,RecordLabel,Barcis Groove,,,,,,,
6756,RecordLabel,Grappa Echo,,,,,,,
6786,RecordLabel,Red Horizon,,,,,,,
6796,RecordLabel,Horizon Harmony,,,,,,,
6804,RecordLabel,Cinematic Sound Studios,,,,,,,
6826,RecordLabel,W.K. Steeling,,,,,,,
6832,RecordLabel,Arrondissement Audio,,,,,,,
6859,RecordLabel,Edam Soundworks,,,,,,,
6872,RecordLabel,Cascina Rhythms,,,,,,,
6908,RecordLabel,Existential Sound,,,,,,,
6934,RecordLabel,Agata Sonora,,,,,,,
7031,RecordLabel,The Observer Recordings,,,,,,,
7032,RecordLabel,Ivory Keys,,,,,,,
7106,RecordLabel,Ribes Sound,,,,,,,
7152,RecordLabel,Copper Tone Records,,,,,,,
7169,RecordLabel,Resonant Pulse Records,,,,,,,
7176,RecordLabel,Parazinho Records,,,,,,,
7183,RecordLabel,Scarlet Soles,,,,,,,
7188,RecordLabel,Clan Crescendo,,,,,,,
7208,RecordLabel,Resonant Realm,,,,,,,
7234,RecordLabel,Heritage Echoes,,,,,,,
7253,RecordLabel,Riverside Elevation,,,,,,,
7280,RecordLabel,Solara Sonore,,,,,,,
7319,RecordLabel,Vertiente,,,,,,,
7324,RecordLabel,Tirrena Sound,,,,,,,
7335,RecordLabel,Phantom Tone Records,,,,,,,
7350,RecordLabel,Lyrical Horizon,,,,,,,
7360,RecordLabel,Bolognese Harmony,,,,,,,
7365,RecordLabel,Cumaral Soundscape,,,,,,,
7370,RecordLabel,Żenn Sound,,,,,,,
7394,RecordLabel,Saint Sound,,,,,,,
7402,RecordLabel,Metropole Records,,,,,,,
7422,RecordLabel,Warsawski Dźwięk Studyjny,,,,,,,
7423,RecordLabel,Summit Sound Studios,,,,,,,
7434,RecordLabel,Calende Music,,,,,,,
7447,RecordLabel,Shelby Horizon,,,,,,,
7472,RecordLabel,Pro Centennial,,,,,,,
7473,RecordLabel,Liminal Sound,,,,,,,
7510,RecordLabel,Prefecture Records,,,,,,,
7530,RecordLabel,Resonant Terroir,,,,,,,
7554,RecordLabel,Sesto Sound,,,,,,,
7566,RecordLabel,Sonic Vault Recordings,,,,,,,
7580,RecordLabel,Echo Horizon Recordings,,,,,,,
7589,RecordLabel,Sonic Pulse Recordings,,,,,,,
7599,RecordLabel,Echelon Records,,,,,,,
7651,RecordLabel,Eichtersheim Sound,,,,,,,
7657,RecordLabel,Sanctum Resonance,,,,,,,
7668,RecordLabel,Vienna Pulse,,,,,,,
7679,RecordLabel,Montagna Suono,,,,,,,
7705,RecordLabel,Immediate Echo,,,,,,,
7706,RecordLabel,Marquee Sound,,,,,,,
7712,RecordLabel,Nuevo Sound,,,,,,,
7721,RecordLabel,Fraternal Groove Records,,,,,,,
7722,RecordLabel,Celestial Soundwaves,,,,,,,
7726,RecordLabel,Gaucho Verse,,,,,,,
7759,RecordLabel,Uprising Sound,,,,,,,
7760,RecordLabel,Dining Hall Sounds,,,,,,,
7768,RecordLabel,Global Resonance Records,,,,,,,
7776,RecordLabel,Empoli Sounds,,,,,,,
7777,RecordLabel,Highcrest Recordings,,,,,,,
7786,RecordLabel,Picante Sounds,,,,,,,
7798,RecordLabel,Péronne Pitch,,,,,,,
7803,RecordLabel,Honourable Counsel Recordings,,,,,,,
7837,RecordLabel,Quantum Quill,,,,,,,
7850,RecordLabel,Nashville Narrative,,,,,,,
7858,RecordLabel,Adriatic Waves,,,,,,,
7859,RecordLabel,Mikmaq Rhythm,,,,,,,
7885,RecordLabel,Westbury Waves,,,,,,,
7890,RecordLabel,Argelers Sound,,,,,,,
7935,RecordLabel,Ascend Sounds,,,,,,,
7938,RecordLabel,Municipal Melody,,,,,,,
7942,RecordLabel,Adès Horizon,,,,,,,
7943,RecordLabel,Decimal Point Studios,,,,,,,
8004,RecordLabel,Guanghan Groove,,,,,,,
8005,RecordLabel,Cresnes Recordings,,,,,,,
8012,RecordLabel,Artisan Mirage,,,,,,,
8017,RecordLabel,Horizon Harmony Records,,,,,,,
8034,RecordLabel,Univalle Waves,,,,,,,
8044,RecordLabel,Colinas Sonoras,,,,,,,
8074,RecordLabel,Springs & Streams,,,,,,,
8093,RecordLabel,Dip Down Sounds,,,,,,,
8098,RecordLabel,Lípa Sonora,,,,,,,
8114,RecordLabel,Granja Sonora,,,,,,,
8137,RecordLabel,Mikmaq Melody,,,,,,,
8147,RecordLabel,Pulse Vinyl Co.,,,,,,,
8178,RecordLabel,Riverstone Archives,,,,,,,
8189,RecordLabel,Fjord Sounds,,,,,,,
8202,RecordLabel,Avant Horizon,,,,,,,
8256,RecordLabel,Starlight Horizons,,,,,,,
8280,RecordLabel,Sant'Agata Rhythms,,,,,,,
8291,RecordLabel,River Ridge Records,,,,,,,
8351,RecordLabel,Tropic Sounds,,,,,,,
8358,RecordLabel,Tirrena Sounds,,,,,,,
8393,RecordLabel,Ethereal Echo Records,,,,,,,
8420,RecordLabel,Golden Mer Records,,,,,,,
8421,RecordLabel,Falier Sound Studios,,,,,,,
8422,RecordLabel,NDR Recordings,,,,,,,
8427,RecordLabel,Larchmont Music,,,,,,,
8438,RecordLabel,Ophelia Waves,,,,,,,
8444,RecordLabel,Crescendo Sonics,,,,,,,
8475,RecordLabel,Luminex,,,,,,,
8482,RecordLabel,Zenith Resonance Productions,,,,,,,
8545,RecordLabel,Pulsar Sound,,,,,,,
8546,RecordLabel,Fascino Frequency,,,,,,,
8574,RecordLabel,Ember Echo Records,,,,,,,
8579,RecordLabel,Kylämäki Recordings,,,,,,,
8580,RecordLabel,Saint-Germain Studios,,,,,,,
8586,RecordLabel,Cryptic Empire Sound,,,,,,,
8629,RecordLabel,Feathered Rhythm Records,,,,,,,
8639,RecordLabel,Bavarian Beats,,,,,,,
8647,RecordLabel,Monticello Melodies,,,,,,,
8662,RecordLabel,Taillan Tracks,,,,,,,
8666,RecordLabel,Échelonne,,,,,,,
8674,RecordLabel,Omega Pulse Records,,,,,,,
8707,RecordLabel,Eastern Harmony Studios,,,,,,,
8753,RecordLabel,Riverine Resonance,,,,,,,
8790,RecordLabel,Heemskerk Sound,,,,,,,
8844,RecordLabel,Commissariat Sound Archives,,,,,,,
8854,RecordLabel,Tidal Pulse Records,,,,,,,
8857,RecordLabel,Terzola Tunes,,,,,,,
8919,RecordLabel,Crestline,,,,,,,
8944,RecordLabel,Silk Pulse,,,,,,,
8951,RecordLabel,Cumaral Sounds,,,,,,,
8963,RecordLabel,Velthune,,,,,,,
8968,RecordLabel,Eastern Harmony,,,,,,,
8977,RecordLabel,Sarkar Sound Studios,,,,,,,
8996,RecordLabel,Pulse Recordings,,,,,,,
9012,RecordLabel,Terveen Sounds,,,,,,,
9072,RecordLabel,Mercury Tide,,,,,,,
9084,RecordLabel,Verdant Solace,,,,,,,
9132,RecordLabel,Golden Needle,,,,,,,
9172,RecordLabel,Moonlit Echo,,,,,,,
9182,RecordLabel,Sovereign Sound Collective,,,,,,,
9218,RecordLabel,Hemiolic Sounds,,,,,,,
9229,RecordLabel,Espumoso Tracks,,,,,,,
9244,RecordLabel,Verdant Vault,,,,,,,
9261,RecordLabel,Lombardone Soundscape,,,,,,,
9283,RecordLabel,Osaka Harmony,,,,,,,
9289,RecordLabel,Uproar Collective,,,,,,,
9377,RecordLabel,Seine City Music,,,,,,,
9410,RecordLabel,Tierra Sonora,,,,,,,
9427,RecordLabel,Nocturne Horizon,,,,,,,
9445,RecordLabel,Circeo Sounds,,,,,,,
9482,RecordLabel,Fjordtone,,,,,,,
9533,RecordLabel,Jevany Sound,,,,,,,
9541,RecordLabel,Kingdom Sound Recordings,,,,,,,
9584,RecordLabel,Laye Harmonics,,,,,,,
9585,RecordLabel,Villafranca Vinyl,,,,,,,
9606,RecordLabel,Solari Sounds,,,,,,,
9607,RecordLabel,KFP Sonic,,,,,,,
9621,RecordLabel,Vlakte | Horizon,,,,,,,
9636,RecordLabel,Huipil Records,,,,,,,
9640,RecordLabel,Knäpp Sound,,,,,,,
9646,RecordLabel,International Saigne,,,,,,,
9744,RecordLabel,Prism Vault,,,,,,,
9769,RecordLabel,Swiss Purple Sound,,,,,,,
9787,RecordLabel,Timber Ridge Sounds,,,,,,,
9801,RecordLabel,Sonic Frontier,,,,,,,
9839,RecordLabel,Savor Sound,,,,,,,
9852,RecordLabel,Nocturne Archives,,,,,,,
9853,RecordLabel,Harmony Project,,,,,,,
9867,RecordLabel,Subterranean Stratum Records,,,,,,,
9882,RecordLabel,Horizon Collective,,,,,,,
9892,RecordLabel,Ink Collective Sound Studios,,,,,,,
9927,RecordLabel,Prism Sound Studios,,,,,,,
9932,RecordLabel,Alpine Crescent Records,,,,,,,
9961,RecordLabel,Langreo Legends,,,,,,,
9981,RecordLabel,Cascada Sonora,,,,,,,
10062,RecordLabel,Lumina Sonic,,,,,,,
10080,RecordLabel,Streamline Studios,,,,,,,
10084,RecordLabel,Sanctuary Shelby,,,,,,,
10110,RecordLabel,Balgarska Beats,,,,,,,
10119,RecordLabel,Horizon Groove,,,,,,,
10132,RecordLabel,Echo Collective Studios,,,,,,,
10182,RecordLabel,Auratic Rhythms,,,,,,,
10217,RecordLabel,Sacred Root Records,,,,,,,
10235,RecordLabel,Maritime Horizon,,,,,,,
10269,RecordLabel,Gilt Resonance,,,,,,,
10300,RecordLabel,Garenne Records,,,,,,,
10308,RecordLabel,Solea Sounds,,,,,,,
10317,RecordLabel,Aerial Soundwaves,,,,,,,
10332,RecordLabel,Guyonne Groove,,,,,,,
10336,RecordLabel,Duumvirate Records,,,,,,,
10353,RecordLabel,Alpine Echo Recordings,,,,,,,
10383,RecordLabel,Ipecac Rhythm,,,,,,,
10384,RecordLabel,Goodwill Groove,,,,,,,
10492,RecordLabel,Waveform Studios,,,,,,,
10498,RecordLabel,Cube Collective,,,,,,,
10519,RecordLabel,Transmission Echo,,,,,,,
10543,RecordLabel,Boreal Resonance,,,,,,,
10566,RecordLabel,Quarante-et-Un Sonics,,,,,,,
10584,RecordLabel,Picardie Harmony,,,,,,,
10595,RecordLabel,Lumina,,,,,,,
10624,RecordLabel,Luminápolis Sounds,,,,,,,
10631,RecordLabel,Campo Sonoro,,,,,,,
10693,RecordLabel,County Line Sound,,,,,,,
10715,RecordLabel,Harmony Horizon,,,,,,,
10746,RecordLabel,Gabriel Records,,,,,,,
10805,RecordLabel,Bergklang,,,,,,,
10854,RecordLabel,Archive Sonore,,,,,,,
10874,RecordLabel,Chung Heritage Sound,,,,,,,
10892,RecordLabel,Toro Tunes,,,,,,,
10943,RecordLabel,Rockville Sound,,,,,,,
10947,RecordLabel,Versum Records,,,,,,,
10952,RecordLabel,Unheard Frequencies,,,,,,,
10981,RecordLabel,Starlight Groove,,,,,,,
11084,RecordLabel,Lyric Grove Records,,,,,,,
11108,RecordLabel,Picardy Sound,,,,,,,
11114,RecordLabel,Basin Harmony,,,,,,,
11121,RecordLabel,Stellar Soundscape,,,,,,,
11155,RecordLabel,Jaloux Sonore,,,,,,,
11178,RecordLabel,Basin Street Sound,,,,,,,
11205,RecordLabel,Sonic Pulse Productions,,,,,,,
11268,RecordLabel,Aussie Amplitude,,,,,,,
11308,RecordLabel,Casimir Harmony,,,,,,,
11362,RecordLabel,Amplified Elevation,,,,,,,
11394,RecordLabel,Sonic Cipher Records,,,,,,,
11427,RecordLabel,Ninth Orbit Records,,,,,,,
11428,RecordLabel,Prime Axis Records,,,,,,,
11445,RecordLabel,Twilight Sonata,,,,,,,
11456,RecordLabel,Pristine Sounds,,,,,,,
11471,RecordLabel,Sovereign Cadence,,,,,,,
11519,RecordLabel,Sonora Heights,,,,,,,
11577,RecordLabel,First Flight Records,,,,,,,
11613,RecordLabel,Steel Valley Sound,,,,,,,
11616,RecordLabel,Lumina Sound,,,,,,,
11676,RecordLabel,Suresnes Collective,,,,,,,
11695,RecordLabel,Homestead Harmony,,,,,,,
11699,RecordLabel,Workshop Transmissions,,,,,,,
11700,RecordLabel,Verse Press Audio,,,,,,,
11829,RecordLabel,Montagne Music,,,,,,,
11865,RecordLabel,Stará Melodie,,,,,,,
11869,RecordLabel,Sonora Azul,,,,,,,
11922,RecordLabel,Jevelyn Records,,,,,,,
11956,RecordLabel,Unmasked Audio,,,,,,,
11961,RecordLabel,Eternal Sound Studios,,,,,,,
12003,RecordLabel,Pure Pulse Records,,,,,,,
12007,RecordLabel,Thermal Springs Recordings,,,,,,,
12057,RecordLabel,Echo Pulse,,,,,,,
12088,RecordLabel,Rivière Sonore,,,,,,,
12098,RecordLabel,Black Ledger Records,,,,,,,
12147,RecordLabel,Lilybaeum Records,,,,,,,
12189,RecordLabel,Sixth Street Studios,,,,,,,
12249,RecordLabel,Nový Horizon,,,,,,,
12262,RecordLabel,Volcanic Echo Records,,,,,,,
12308,RecordLabel,Roet's Passage,,,,,,,
12321,RecordLabel,Midnight Zebra Records,,,,,,,
12356,RecordLabel,Great Jewel Sound,,,,,,,
12357,RecordLabel,Novela Sound,,,,,,,
12407,RecordLabel,Hafling Harmony,,,,,,,
12443,RecordLabel,Plenary Session Archives,,,,,,,
12444,RecordLabel,Sonic Soul Studios,,,,,,,
12496,RecordLabel,Lumina Soundworks,,,,,,,
12530,RecordLabel,Sovereign Sound,,,,,,,
12702,RecordLabel,Nashville Harmony,,,,,,,
12755,RecordLabel,Pulse Horizon Records,,,,,,,
12779,RecordLabel,Goodwill Sound,,,,,,,
12780,RecordLabel,Crossroads Sound Studios,,,,,,,
12811,RecordLabel,Vertex,,,,,,,
12820,RecordLabel,Carthage Sound,,,,,,,
12890,RecordLabel,Chester Harmony,,,,,,,
12919,RecordLabel,United Scribes Sound,,,,,,,
12932,RecordLabel,Jimmy Horizon,,,,,,,
12946,RecordLabel,Ardent Horizon,,,,,,,
12952,RecordLabel,Phantom Vinyl Studios,,,,,,,
12982,RecordLabel,Auditory Observer,,,,,,,
13007,RecordLabel,Verve Echo,,,,,,,
13013,RecordLabel,Talaiga Records,,,,,,,
13025,RecordLabel,Resonanz Medien Verlag,,,,,,,
13030,RecordLabel,Piauí Sounds,,,,,,,
13039,RecordLabel,Promontory Sound,,,,,,,
13072,RecordLabel,Pulse Paradigm,,,,,,,
13128,RecordLabel,Echoes & Groves,,,,,,,
13139,RecordLabel,Westbury Wax,,,,,,,
13157,RecordLabel,DFBR Records,,,,,,,
13201,RecordLabel,RNR | Resonant Noise Recordings | R.N.R. | LC 12389,,,,,,,
13219,RecordLabel,Feline Frequency,,,,,,,
13286,RecordLabel,Marsala Music,,,,,,,
13296,RecordLabel,Pewterer Productions,,,,,,,
13309,RecordLabel,Arno's Whisper,,,,,,,
13373,RecordLabel,Diplomatic Frequencies,,,,,,,
13412,RecordLabel,Lumina Nova,,,,,,,
13456,RecordLabel,Coastal Drift Records,,,,,,,
13464,RecordLabel,Valle Vinyl,,,,,,,
13498,RecordLabel,Shrine Music,,,,,,,
13502,RecordLabel,Eco Sonora Records,,,,,,,
13515,RecordLabel,Harvest Horizon,,,,,,,
13551,RecordLabel,Parazinho Sound,,,,,,,
13602,RecordLabel,Maré Sonora,,,,,,,
13622,RecordLabel,Pageantry,,,,,,,
13638,RecordLabel,Artists Ascent,,,,,,,
13750,RecordLabel,Riviera Sonora,,,,,,,
13780,RecordLabel,Premier Pulse,,,,,,,
13840,RecordLabel,Formia Groove,,,,,,,
13872,RecordLabel,Coolt Groove,,,,,,,
13940,RecordLabel,Riveted Sonata Studios,,,,,,,
13964,RecordLabel,Soundstage,,,,,,,
13996,RecordLabel,Ieuan Rhythms,,,,,,,
14013,RecordLabel,Sanctuary Shoes,,,,,,,
14044,RecordLabel,Verdana,,,,,,,
14065,RecordLabel,Kiso Harmony Records,,,,,,,
14116,RecordLabel,Lakeside Lounge,,,,,,,
14164,RecordLabel,Schupfart Sound Studios,,,,,,,
14173,RecordLabel,Rhythm Horizon,,,,,,,
14174,RecordLabel,L'Écrin Sonore,,,,,,,
14255,RecordLabel,Whisperstone,,,,,,,
14271,RecordLabel,Riverside Resonance,,,,,,,
14278,RecordLabel,Barcis Soundworks,,,,,,,
14362,RecordLabel,Verge Horizon,,,,,,,
14363,RecordLabel,Horizon Rhythm Productions,,,,,,,
14420,RecordLabel,Verista,,,,,,,
14428,RecordLabel,Sepulcro Sounds,,,,,,,
14480,RecordLabel,Riverman Sound,,,,,,,
14556,RecordLabel,Larchmont Legacy,,,,,,,
14598,RecordLabel,Klinge Recordings,,,,,,,
14643,RecordLabel,Meridian Sounds,,,,,,,
14690,RecordLabel,Riverman Records,,,,,,,
14745,RecordLabel,Wingspan Audio,,,,,,,
14753,RecordLabel,Adriatic Echoes,,,,,,,
14777,RecordLabel,Meridian Music,,,,,,,
14813,RecordLabel,Terza Nova,,,,,,,
14858,RecordLabel,Vra|Éve,,,,,,,
14886,RecordLabel,Paris Underground,,,,,,,
14939,RecordLabel,Midnight Monarch Music,,,,,,,
14975,RecordLabel,Kyšice Sounds,,,,,,,
14979,RecordLabel,Sonora Terrain,,,,,,,
15053,RecordLabel,Chronic Sound Studios,,,,,,,
15054,RecordLabel,Postal Groove,,,,,,,
15056,RecordLabel,Cascais Sounds,,,,,,,
15060,RecordLabel,Sonic Sanctuary Studios,,,,,,,
15103,RecordLabel,Prism Circuit,,,,,,,
15142,RecordLabel,Silverline,,,,,,,
15197,RecordLabel,Thermopolium Records,,,,,,,
15226,RecordLabel,Temporal Resonance,,,,,,,
15294,RecordLabel,Sanguine Sonics,,,,,,,
15349,RecordLabel,Echobreak Recordings,,,,,,,
15357,RecordLabel,Litora Sonora,,,,,,,
15380,RecordLabel,Pine Grove Sounds,,,,,,,
15387,RecordLabel,Espumoso Rhythm,,,,,,,
15451,RecordLabel,Oz Orchestrations,,,,,,,
15493,RecordLabel,Basement Vinyl,,,,,,,
15611,RecordLabel,Mercantile Wavelength Records,,,,,,,
15712,RecordLabel,Zandvoort Records,,,,,,,
15803,RecordLabel,Kyläfonen,,,,,,,
15816,RecordLabel,Threadspin,,,,,,,
15969,RecordLabel,Horizont na Stráni,,,,,,,
16047,RecordLabel,Municipality Music,,,,,,,
16136,RecordLabel,Nordisk Prisme,,,,,,,
16152,RecordLabel,Elche Echo,,,,,,,
16255,RecordLabel,Basement Rhythm,,,,,,,
16304,RecordLabel,Santoro Sound Archives,,,,,,,
16347,RecordLabel,Rocca Rhythms,,,,,,,
16370,RecordLabel,Aurora Valley University,,,,,,,
16380,RecordLabel,Crestwood Institute of Technology,,,,,,,
16470,RecordLabel,Vanguard Coastal University,,,,,,,
16483,RecordLabel,Everglade State College,,,,,,,
16534,RecordLabel,Polaris Beacon University,,,,,,,
16576,RecordLabel,Cascade Mountain Institute,,,,,,,
16664,RecordLabel,Arcadia Bay College,,,,,,,
16668,RecordLabel,Zenith Ridge University,,,,,,,
17369,RecordLabel,Coastal Harmony Studios,,,,,,,
17370,RecordLabel,Oceanic Records,,,,,,,
17371,RecordLabel,Calende Sound,,,,,,,
17372,RecordLabel,Radiant Echo,,,,,,,
17373,RecordLabel,Sovereign Sound Archives,,,,,,,
17374,RecordLabel,Freefall Music,,,,,,,
17375,RecordLabel,Starbound Studios,,,,,,,
17376,RecordLabel,MTJ Horizon,,,,,,,
17377,RecordLabel,Vertical Ascent Records,,,,,,,
17378,RecordLabel,Zenith Records,,,,,,,
17379,RecordLabel,Highland Harmony,,,,,,,
17380,RecordLabel,Center Sound,,,,,,,
17381,RecordLabel,Indigenous Echo,,,,,,,
17382,RecordLabel,Soliloquy Sounds,,,,,,,
17383,RecordLabel,Medoc Music,,,,,,,
17384,RecordLabel,StarRoc Music,,,,,,,
17385,RecordLabel,Serra Soundtrack,,,,,,,
17386,RecordLabel,Honeydew Harmony,,,,,,,
17387,RecordLabel,Little Pine Records,,,,,,,
17388,RecordLabel,Agata Records,,,,,,,
17389,RecordLabel,Plenary Sound,,,,,,,
17390,RecordLabel,Cultural Harmony,,,,,,,
17391,RecordLabel,Silverlight Sound,,,,,,,
17392,RecordLabel,Parallax Sounds,,,,,,,
17393,RecordLabel,Vertical Altitude,,,,,,,
17394,RecordLabel,Oceanus Records,,,,,,,
